id,description,frame,recipients,start_bit,length,type,factor,offset,min,max,unit,value_table,descope
bdot_tumble_status_status,bdot tumble status boolean,bdot_tumble_status,,0,1,uint,1,0,0,1,bool,bool,
cmd_batt_bal_enable_enable,enable? (or disable if false),cmd_batt_bal_enable,,0,1,uint,1,0,0,1,,bool,
cmd_batt_rst_confirm,Do we really want to reset all stastics?,cmd_batt_rst,,0,1,uint,1,0,0,1,,bool,
cmd_com2_run_fileno,Which file to run,cmd_com2_run,,0,8,uint,1,0,0,1,,,
cmd_com2_run_jump,Do you want to jump the queue?,cmd_com2_run,,8,1,uint,1,0,0,255,,,
sensorproc_photodiode_x_pos,luminosity of +x side of satellite,,,0,8,unsigned,1,0,0,100,,,descoped
sensorproc_photodiode_y_neg,luminosity of -y side of satellite,,,8,8,unsigned,1,0,0,100,,,descoped
sensorproc_photodiode_x_neg,luminosity of -x side of satellite,,,16,8,unsigned,1,0,0,100,,,descoped
sensorproc_gps_pos_x_val,WGS84 ECEF x coord position,,,0,64,double,1,0,-1.70E+308,1.70E+308,m,,descoped
sensorproc_gps_pos_y_val,WGS84 ECEF y coord position,,,0,64,double,1,0,-1.70E+308,1.70E+308,m,,descoped
sensorproc_gps_pos_z_val,WGS84 ECEF z coord position,,,0,64,double,1,0,-1.70E+308,1.70E+308,m,,descoped
sensorproc_gps_vel_x_val,WGS84 ECEF x coord velocity,,,0,64,double,1,0,-1.70E+308,-1.70E+308,m/s,,descoped
sensorproc_gps_vel_y_val,WGS84 ECEF y coord velocity,,,0,64,double,1,0,-1.70E+308,-1.70E+308,m/s,,descoped
sensorproc_gps_vel_z_val,WGS84 ECEF z coord velocity,,,0,64,double,1,0,-1.70E+308,-1.70E+308,m/s,,descoped
sensorporc_gps_x_u_p,WGS84 ECEF x position uncertainty,,,0,32,float,1,0,-3.40E+38,3.40E+38,m,,descoped
sensorporc_gps_x_u_v,WGS84 ECEF x velocity uncertainty,,,32,32,float,1,0,-3.40E+38,3.40E+38,m/s,,descoped
sensorporc_gps_y_u_p,WGS84 ECEF y position uncertainty,,,0,32,float,1,0,-3.40E+38,3.40E+38,m,,descoped
sensorporc_gps_y_u_v,WGS84 ECEF y velocity uncertainty,,,32,32,float,1,0,-3.40E+38,3.40E+38,m/s,,descoped
sensorporc_gps_z_u_p,WGS84 ECEF z position uncertainty,,,0,32,float,1,0,-3.40E+38,3.40E+38,m,,descoped
sensorporc_gps_z_u_v,WGS84 ECEF z velocity uncertainty,,,32,32,float,1,0,-3.40E+38,3.40E+38,m/s,,descoped
sensorporc_gps_time_week,GPS Reference Week,,,0,16,unsigned,1,0,1983,4095,week,,descoped
sensorporc_gps_time_ms,ms in GPS Reference Week,,,16,32,signed,1,0,0,604800000,ms,,descoped
sensorproc_gps_enable_cmd,command to enable or disable the gps,,,0,8,unsigned,1,0,0,1,bool,bool,descoped
cmd_com2_run_clear,Do you want to clear the queue and run? ,cmd_com2_run,,9,1,uint,1,0,0,1,,,
cmd_gen_rst_confirm,Are you sure you want to rst gen aggs?,cmd_gen_rst,,1,1,uint,1,0,0,1,bool,bool,
cmd_ignore_fsw_ignore,ignore the bdot commands from fsw,cmd_ignore_fsw,,0,1,uint,1,0,0,1,,bool,
cmd_mtq_bdot_x,bdot command for x direction,cmd_mtq_bdot,,0,8,int,1,0,-100,100,pct doodie,,
cmd_mtq_bdot_y,bdot command for y direction,cmd_mtq_bdot,,8,8,int,1,0,-100,100,pct doodie,,
cmd_mtq_bdot_z,bdot command for z direction,cmd_mtq_bdot,,16,8,int,1,0,-100,100,pct doodie,,
cmd_mtq_fsw_x,bdot command for x direction,cmd_mtq_fsw,,0,8,int,1,0,-100,100,pct doodie,,
cmd_mtq_fsw_y,bdot command for y direction,cmd_mtq_fsw,,8,8,int,1,0,-100,100,pct doodie,,
cmd_mtq_fsw_z,bdot command for z direction,cmd_mtq_fsw,,16,8,int,1,0,-100,100,pct doodie,,
cmd_mtq_fsw_sc_mode,overall satellite state,cmd_mtq_fsw,,24,8,uint,1,0,0,3,,mode,
cmd_pd_enable_domain,Which domain to enable,cmd_pd_enable,,0,8,uint,1,0,0,8,,pwr_domain,
cmd_pd_enable_enable,enable? (or disable if false),cmd_pd_enable,,8,1,uint,1,0,0,1,,bool,
cmd_pd_rst_confirm,Are you sure you want to rst pd aggs?,cmd_pd_rst,,0,1,uint,1,0,0,1,,bool,
cmd_ppt_single_fire_with_pulse,Do we fire or just charge?,cmd_ppt_single_fire,,0,1,uint,1,0,0,1,bool,bool,
cmd_ppt_single_fire_override,Do we fire or just charge?,cmd_ppt_single_fire,,1,1,uint,1,0,0,1,bool,bool,
cmd_reboot_request_domain,domain to reboot,cmd_reboot_request,,0,8,uint,1,0,0,8,,pwr_domain,
cmd_rollcall_state,Overall Satellite State,cmd_rollcall,,0,8,uint,1,0,0,255,,sat_state,
cmd_rollcall_met,Mission Elapsed Time,cmd_rollcall,,8,32,uint,1,0,0,4294967295,?,,
cmd_rollcall_met_overflow,MET Overflow Count,cmd_rollcall,,40,8,uint,1,0,0,255,,,
cmd_rollcall_type,Rollcall Type (Unused for now),cmd_rollcall,,48,8,uint,1,0,0,255,,,
com2_state_uptime,time since least mcu reboot,com2_state,,0,16,uint,1,0,0,65535,s,,
com2_state_qlen,length of the queue of py files to run,com2_state,,16,16,uint,1,0,0,65535,files,,
com2_state_qfilesize,size of most recent queue file,com2_state,,32,16,uint,1,0,0,65535,kB,,
com2_state_curr_file,which fille is comm2 running rn,com2_state,,48,8,uint,1,0,0,255,,,
com2_state_health_state,health state codes,com2_state,,56,8,uint,1,0,0,255,,,
eps_batt_current_c,Instantaneous net current into batteries,eps_batt_current,,0,16,int,1,0,-700,1200,cA,,
eps_batt_current_max_c,Max current into batteries,eps_batt_current,,16,16,int,1,0,-700,1200,cA,,
eps_batt_current_min_c,Min current into batteries,eps_batt_current,,32,16,int,1,0,-700,1200,cA,,
eps_batt_current_node_c,current at the node between batteries,eps_batt_current,,48,16,int,1,0,-1000,1000,dmA (0.1mA),,
eps_batt_state_temp,Battery temperature,eps_batt_state,,0,8,int,1,0,-128,127,deg C,,
eps_batt_state_soc,State of charge from coulomb counter,eps_batt_state,,8,8,uint,1,0,0,100,pct,,
eps_batt_state_heat,State of the battery heater switch,eps_batt_state,,16,1,uint,1,0,0,1,bool,bool,
eps_batt_state_bal,State of the battery balancer,eps_batt_state,,17,1,uint,1,0,0,1,bool,bool,
eps_batt_voltage_v,battery voltage,eps_batt_voltage,,0,16,uint,1,0,0,10000,mV,,
eps_batt_voltage_min_v,minimum battery voltage,eps_batt_voltage,,16,16,uint,1,0,0,10000,mV,,
eps_batt_voltage_node_v,voltage at the node between batteries,eps_batt_voltage,,32,16,uint,1,0,0,10000,mV,,
eps_batt_voltage_v_max_delta,Maximum Difference in battery Voltage,eps_batt_voltage,,48,16,uint,1,0,0,10000,mV,,
eps_domain_output_num,Output Statistics for which domain?,eps_domain_output,,0,8,uint,1,0,0,8,,pwr_domain,
eps_domain_output_v,Power Domain Output Voltage,eps_domain_output,,8,16,uint,1,0,0,10000,mV,,
eps_domain_output_c,Power Domain Output Current,eps_domain_output,,24,16,uint,1,0,0,3200,mA,,
eps_domain_output_c_max,Power Domain Output Max Current,eps_domain_output,,40,16,uint,1,0,0,3200,mA,,
eps_domain_output_oc_trip,Power Domain Overcurrent Trip,eps_domain_output,,56,1,uint,1,0,0,1,bool,bool,
eps_domain_output_state,Weather output is enabled or disabled,eps_domain_output,,57,1,uint,1,0,0,1,bool,bool,
eps_pd_batt_voltage_val,batt voltage at the pd board,eps_pd_batt_voltage,,0,16,uint,1,0,0,10000,mV,,
eps_pd_batt_voltage_agg,batt voltage at the pd board aggregate,eps_pd_batt_voltage,,16,8,uint,1,0,0,5,,agg,
eps_pd_unvervoltage_state,new power lp state,eps_pd_unvervoltage,,0,8,uint,1,0,0,1,,uv_state,
gen_panel_current_y_pos,Gen panel current for +y panel,gen_panel_current,,0,16,uint,1,0,0,1000,mA,,
gen_panel_current_y_neg,Gen panel current for -y panel,gen_panel_current,,16,16,uint,1,0,0,1000,mA,,
gen_panel_current_x_pos,Gen panel current for +x panel,gen_panel_current,,32,16,uint,1,0,0,1000,mA,,
gen_panel_pwr_y_pos,Gen panel voltage for +y panel,gen_panel_pwr,,0,16,uint,1,0,0,20000,mW,,
gen_panel_pwr_y_neg,Gen panel voltage for -y panel,gen_panel_pwr,,16,16,uint,1,0,0,20000,mW,,
gen_panel_pwr_x_pos,Gen panel voltage for +x panel,gen_panel_pwr,,32,16,uint,1,0,0,20000,mW,,
gen_panel_pwr_agg,"Aggregate for power (max, avg, none...)",gen_panel_pwr,,48,8,uint,1,0,0,5,,agg,
gen_panel_temp_y_pos,Gen panel voltage for +y panel,gen_panel_pwr,,0,8,int,1,0,-128,127,deg C,,
gen_panel_temp_y_neg,Gen panel voltage for -y panel,gen_panel_pwr,,8,8,int,1,0,-128,127,dec C,,
gen_panel_temp_x_pos,Gen panel voltage for +x panel,gen_panel_pwr,,16,8,int,1,0,-128,127,deg C,,
gen_panel_temp_agg,"Aggregate for power (max, avg, none...)",gen_panel_pwr,,24,8,uint,1,0,0,5,,agg,
gen_panel_voltage_y_pos,Gen panel voltage for +y panel,gen_panel_voltage,,0,16,uint,1,0,0,20000,mV,,
gen_panel_voltage_y_neg,Gen panel voltage for -y panel,gen_panel_voltage,,16,16,uint,1,0,0,20000,mV,,
gen_panel_voltage_x_pos,Gen panel voltage for +x panel,gen_panel_voltage,,32,16,uint,1,0,0,20000,mV,,
mpc_vp_state,Whether we are velocity pointing,mpc_vp,,0,1,uint,1,0,0,1,bool,bool,
msp_temp_temp,temp of msp,msp_temp,,0,16,uint,1,0,0,65535,cC,,
mtq_ack_phase,specifies what state the coils are in - measurement or actuation phase ,mtq_ack,,0,8,int,1,0,-128,3,,,
mtq_ack_source,who the mtq last listened to - bdot or fsw ,mtq_ack,,8,8,int,1,0,-128,1,,,
mtq_ack_last_bdot_x,last bdot x command received ,mtq_ack,,16,8,int,1,0,-128,100,%,,
mtq_ack_last_bdot_y,last bdot y command received ,mtq_ack,,24,8,int,1,0,-128,100,%,,
mtq_ack_last_bdot_z,last bdot z command received ,mtq_ack,,32,8,int,1,0,-128,100,%,,
mtq_ack_last_fsw_x,last fsw x command received ,mtq_ack,,40,8,int,1,0,-128,100,%,,
mtq_ack_last_fsw_y,last fsw y command received ,mtq_ack,,48,8,int,1,0,-128,100,%,,
mtq_ack_last_fsw_z,last fsw z command received ,mtq_ack,,56,8,int,1,0,-128,100,%,,
sensorproc_imu_x,Sun Angle x,sensorproc_imu,,0,16,int,1,0,0,65535,,,
sensorproc_imu_y,Sun Angle y,sensorproc_imu,,16,16,int,1,0,0,65535,,,
sensorproc_imu_z,Sun Angle z,sensorproc_imu,,32,16,int,1,0,0,65535,,,
sensorproc_imu_valid,Sun Angle Validity,sensorproc_imu,,48,1,uint,1,0,0,1,bool,bool,
sensorproc_mag_x,Sun Angle x,sensorproc_mag,,0,16,int,1,0,0,65535,,,
sensorproc_mag_y,Sun Angle y,sensorproc_mag,,16,16,int,1,0,0,65535,,,
sensorproc_mag_z,Sun Angle z,sensorproc_mag,,32,16,int,1,0,0,65535,,,
sensorproc_mag_valid,Sun Angle Validity,sensorproc_mag,,48,1,uint,1,0,0,1,bool,bool,
sensorproc_sun_x,Sun Angle x,sensorproc_sun,,0,16,int,1,0,-32768,32767,,,
sensorproc_sun_y,Sun Angle y,sensorproc_sun,,16,16,int,1,0,-32768,32767,,,
sensorproc_sun_z,Sun Angle z,sensorproc_sun,,32,16,int,1,0,-32768,32767,,,
sensorproc_sun_valid,Sun Angle Validity,sensorproc_sun,,48,1,uint,1,0,0,1,bool,bool,
tle_1_year,TLE years since 2000,tle_1,,0,8,uint,1,0,0,255,yrs frm 2000,,
tle_1_bstar,TLE BSTAR drag term,tle_1,,8,32,float,1,0,-3.4E+38,3.4E+38,1/earthRadii,,
tle_2_day,TLE Day of yr,tle_2,,0,64,double,1,0,-1.7E+308,1.7E+308,days,,
tle_3_inc,TLE Orbital inclination,tle_3,,0,32,float,1,0,-3.4E+38,3.4E+38,rad,,
tle_3_ecc,TLE Eccentricity,tle_3,,32,32,float,1,0,-3.4E+38,3.4E+38,,,
tle_4_raan,TLE Rt ascension of the asc. node,tle_4,,0,32,float,1,0,0,1,rad,,
tle_4_aop,TLE Argument of perigee,tle_4,,32,32,float,1,0,-3.4E+38,3.4E+38,rad,,
tle_5_mna,TLE Mean anomaly,tle_5,,0,32,float,1,0,-3.4E+38,3.4E+38,rad,,
tle_6_mnm,TLE Mean motion,tle_6,,0,64,double,1,0,-1.7E+308,1.7E+308,rev/day,,
cmd_ppt_halt_confirm,Are you sure you want to halt the ppt?,cmd_ppt_halt,,0,1,uint,1,0,0,1,,bool,
cmd_ppt_time_upd_charge,PPT Main Capacitor Charge Time,cmd_ppt_time_upd,,0,16,uint,1,0,0,65535,2^-15s,,
cmd_ppt_time_upd_ign_delay,PPT Main Igniter Delay,cmd_ppt_time_upd,,16,16,uint,1,0,0,65535,2^-15s,,
cmd_ppt_time_upd_ign_charge,PPT Igniter Charge Time,cmd_ppt_time_upd,,32,16,uint,1,0,0,65535,2^-15s,,
cmd_ppt_time_upd_cooldown,PPT Cooldown Time,cmd_ppt_time_upd,,48,16,uint,1,0,0,65535,2^-15s,,
ppt_firing_result_code,fire successful / fire overriden / no charge / no discharge,ppt_firing_result,,0,8,uint,1,0,0,255,,fire_state,
ppt_firing_result_main_time,how long it took the PPT's main cap gets done charging (0 if error),ppt_firing_result,,8,16,uint,1,0,0,65535,2^-15s,,
ppt_firing_result_ign_time,how long it took the PPT's igniter to finish charging (0 if error),ppt_firing_result,,24,16,uint,1,0,0,65535,2^-15s,,
ppt_firing_result_coulomb_good,Was the coulomb counter value adequate,ppt_firing_result,,40,8,uint,1,0,0,2,,nbool,
ppt_firing_result_batt_good,Was the battery full time adequate,ppt_firing_result,,48,8,uint,1,0,0,2,,nbool,
ppt_firing_result_panel_good,Was the panel voltage adequate,ppt_firing_result,,56,8,uint,1,0,0,2,,nbool,
cmd_ppt_set_count_count,Number of times PPT fires,cmd_ppt_set_count,,0,8,uint,1,0,0,30,,,
rc_eps_batt_h1_temp_min,Temperature of MSP,rc_eps_batt_h1,,0,16,uint,1,0,0,65535,cC,,
rc_eps_batt_h1_temp_max,Temperature of MSP,rc_eps_batt_h1,,16,16,uint,1,0,0,65535,cC,,
rc_eps_batt_h1_temp_avg,Temperature of MSP,rc_eps_batt_h1,,32,16,uint,1,0,0,65535,cC,,
rc_eps_batt_h1_sysrstiv,Reason for reset,rc_eps_batt_h1,,48,8,uint,1,0,0,16,,,
rc_eps_batt_h1_reset_count,Reset Count,rc_eps_batt_h1,,56,8,uint,1,0,0,255,,,
rc_eps_batt_h2_canrxerror,the Batt MCP's RX error buffer,rc_eps_batt_h2,,0,8,uint,1,0,0,255,,,
rc_eps_batt_2_node_v_min,Voltage at the node between batteries,rc_eps_batt_2,,0,16,uint,1,0,0,65535,raw node voltage,,
rc_eps_batt_2_node_v_max,Voltage at the node between batteries,rc_eps_batt_2,,16,16,uint,1,0,0,65535,raw node voltage,,
rc_eps_batt_2_node_v_avg,Voltage at the node between batteries,rc_eps_batt_2,,32,16,uint,1,0,0,65535,raw node voltage,,
rc_eps_batt_3_current_min,Minimum battery current seen since last min/max reset,rc_eps_batt_3,,0,16,int,1,0,0,65535,raw current batt,,
rc_eps_batt_3_current_max,Maximum battery current seen since last min/max reset,rc_eps_batt_3,,16,16,int,1,0,0,65535,raw current batt,,
rc_eps_batt_3_current_avg,Average current into or out of the battery,rc_eps_batt_3,,32,16,int,1,0,0,65535,raw current batt,,
rc_eps_batt_3_batt_temp_avg,Battery temperature indicated by TMP36 mounted to the batteries.,rc_eps_batt_6,,24,8,int,1,0,-128,127,deg C,,
rc_eps_batt_4_voltage_min,Battery voltage from the coulomb counter on the battery board. Most accurate but only on when the EPS power domain is on.,rc_eps_batt_4,,0,16,uint,1,0,0,65535,raw voltage,,
rc_eps_batt_4_voltage_max,Battery voltage from the coulomb counter on the battery board. Most accurate but only on when the EPS power domain is on.,rc_eps_batt_4,,16,16,uint,1,0,0,65535,raw voltage,,
rc_eps_batt_4_voltage_avg,Battery voltage from the coulomb counter on the battery board. Most accurate but only on when the EPS power domain is on.,rc_eps_batt_4,,32,16,uint,1,0,0,65535,raw voltage,,
rc_eps_batt_4_heater_state,State of the battery heater switch,rc_eps_batt_4,,48,1,bool,1,0,,,,,
rc_eps_batt_4_balancer_state,State of the battery balancer. enabeling the battery balancer only gives it permission to ballance. ,rc_eps_batt_4,,49,1,bool,1,0,,,,,
rc_eps_batt_5_node_c_min,Current into the node between batteries. Indicates battery ballancing state.,rc_eps_batt_5,,0,16,int,1,0,-32768,32767,raw node current batt,,
rc_eps_batt_5_node_c_max,Current into the node between batteries. Indicates battery ballancing state.,rc_eps_batt_5,,16,16,int,1,0,-32768,32767,raw node current batt,,
rc_eps_batt_5_node_c_avg,Current into the node between batteries. Indicates battery ballancing state.,rc_eps_batt_5,,32,16,int,1,0,-32768,32767,raw node current batt,,
rc_eps_batt_5_batt_temp_min,Battery temperature indicated by TMP36 mounted to the batteries.,rc_eps_batt_5,,48,8,int,1,0,-128,127,deg C,,
rc_eps_batt_5_batt_temp_max,Battery temperature indicated by TMP36 mounted to the batteries.,rc_eps_batt_5,,56,8,int,1,0,-128,127,deg C,,
rc_eps_batt_6_status,State of charge status register,rc_eps_batt_6,,0,8,uint,1,0,0,255,,,
rc_eps_batt_6_ctrl,State of charge from coulomb counter on battery board,rc_eps_batt_6,,8,8,uint,1,0,0,255,,,
rc_eps_batt_6_last_charge,The MET of last full battery charge,rc_eps_batt_6,,16,40,uint,1,0,0,1099511627775,2^-8 seconds,,
rc_adcs_bdot_h1_temp_min,Temperature of MSP,rc_adcs_bdot_h1,,0,16,uint,1,0,0,65535,cC,,
rc_adcs_bdot_h1_temp_max,Temperature of MSP,rc_adcs_bdot_h1,,16,16,uint,1,0,0,65535,cC,,
rc_adcs_bdot_h1_temp_avg,Temperature of MSP,rc_adcs_bdot_h1,,32,16,uint,1,0,0,65535,cC,,
rc_adcs_bdot_h1_sysrstiv,Reason for reset,rc_adcs_bdot_h1,,48,8,uint,1,0,,,,,
rc_adcs_bdot_h1_reset_count,Reset Count,rc_adcs_bdot_h1,,56,8,uint,1,0,0,255,,,
rc_adcs_bdot_h2_canrxerror,the BDOT MCP's RX error buffer,rc_adcs_bdot_h2,,0,8,uint,1,0,0,255,,,
rc_adcs_bdot_1_last_spam_x_mtq_x,the averages of one axis of magnetometer readings during one axis of the last spam,rc_adcs_bdot_1,,0,16,int,1,0,-32768,32767,1/73 nT,,
rc_adcs_bdot_1_last_spam_x_mtq_y,the averages of one axis of magnetometer readings during one axis of the last spam,rc_adcs_bdot_1,,16,16,int,1,0,-32768,32767,1/73 nT,,
rc_adcs_bdot_1_last_spam_x_mtq_z,the averages of one axis of magnetometer readings during one axis of the last spam,rc_adcs_bdot_1,,32,16,int,1,0,-32768,32767,1/73 nT,,
rc_adcs_bdot_1_last_spam_y_mtq_x,the averages of one axis of magnetometer readings during one axis of the last spam,rc_adcs_bdot_1,,48,16,int,1,0,-32768,32767,1/73 nT,,
rc_adcs_bdot_2_mag_x_min,X Minium reading in nT,rc_adcs_bdot_2,,0,16,int,1,0,-32768,32767,1/73 nT,,
rc_adcs_bdot_2_mag_x_max,X Maximum reading in nT ,rc_adcs_bdot_2,,16,16,int,1,0,-32768,32767,1/73 nT,,
rc_adcs_bdot_2_mag_x_avg,X Average reading in nT,rc_adcs_bdot_2,,32,16,int,1,0,-32768,32767,1/73 nT,,
rc_adcs_bdot_2_mag_y_min,Y Minium reading in nT,rc_adcs_bdot_2,,48,16,int,1,0,-32768,32767,1/73 nT,,
rc_adcs_bdot_3_mag_y_max,Y Maximum reading in nT,rc_adcs_bdot_3,,0,16,int,1,0,-32768,32767,1/73 nT,,
rc_adcs_bdot_3_mag_y_avg,Y Average reading in nT,rc_adcs_bdot_3,,16,16,int,1,0,-32768,32767,1/73 nT,,
rc_adcs_bdot_3_mag_z_min,Z Minium reading in nT,rc_adcs_bdot_3,,32,16,int,1,0,-32768,32767,1/73 nT,,
rc_adcs_bdot_3_mag_z_max,Z Maximum reading in nT,rc_adcs_bdot_3,,48,16,int,1,0,-32768,32767,1/73 nT,,
rc_adcs_bdot_4_mag_z_avg,Z Average reading in nT,rc_adcs_bdot_4,,0,16,int,1,0,-32768,32767,1/73 nT,,
rc_adcs_bdot_4_last_spam_y_mtq_y,the averages of one axis of magnetometer readings during one axis of the last spam,rc_adcs_bdot_4,,16,16,int,1,0,-32768,32767,1/73 nT,,
rc_adcs_bdot_4_last_spam_y_mtq_z,the averages of one axis of magnetometer readings during one axis of the last spam,rc_adcs_bdot_4,,32,16,int,1,0,-32768,32767,1/73 nT,,
rc_adcs_bdot_4_tumble,Tumble Status,rc_adcs_bdot_4,,48,1,bool,1,0,0,1,bool,,
rc_adcs_bdot_5_last_spam_z_mtq_x,the averages of one axis of magnetometer readings during one axis of the last spam,rc_adcs_bdot_5,,16,16,int,1,0,-32768,32767,1/73 nT,,
rc_adcs_bdot_5_last_spam_z_mtq_y,the averages of one axis of magnetometer readings during one axis of the last spam,rc_adcs_bdot_5,,32,16,int,1,0,-32768,32767,1/73 nT,,
rc_adcs_bdot_5_last_spam_z_mtq_z,the averages of one axis of magnetometer readings during one axis of the last spam,rc_adcs_bdot_5,,48,16,int,1,0,-32768,32767,1/73 nT,,
rc_ppt_h1_temp_min,Temperature of MSP,rc_ppt_h1,,0,16,uint,1,0,0,65535,cC,,
rc_ppt_h1_temp_max,Temperature of MSP,rc_ppt_h1,,16,16,uint,1,0,0,65535,cC,,
rc_ppt_h1_temp_avg,Temperature of MSP,rc_ppt_h1,,32,16,uint,1,0,0,65535,cC,,
rc_ppt_h1_sysrstiv,Reason for reset,rc_ppt_h1,,48,8,uint,1,0,0,65536,2^-15 seconds,,
rc_ppt_h2_canrxerror,the PPT MCP's RX error buffer,rc_ppt_h2,,0,8,uint,1,0,0,255,,,
rc_ppt_2_main_chg_min,Main Charge Time Minimum,rc_ppt_2,,0,16,uint,1,0,0,65536,2^-15 seconds,,
rc_ppt_2_main_chg_max,Main Charge Time Maximum,rc_ppt_2,,16,16,uint,1,0,0,65536,2^-15 seconds,,
rc_ppt_2_main_chg_avg,Main Charge Time Average,rc_ppt_2,,32,16,uint,1,0,0,65536,2^-15 seconds,,
rc_ppt_2_total_fire_count,Total Fire count,rc_ppt_2,,48,16,uint,1,0,0,65536,2^-15 seconds,,
rc_ppt_3_ign_chg_min,Main Charge Time Minimum,rc_ppt_3,,0,16,uint,1,0,0,65536,2^-15 seconds,,
rc_ppt_3_ign_chg_max,Main Charge Time Minimum,rc_ppt_3,,16,16,uint,1,0,0,65536,2^-15 seconds,,
rc_ppt_3_ign_chg_avg,Main Charge Time Minimum,rc_ppt_3,,32,16,uint,1,0,0,65536,2^-15 seconds,,
rc_adcs_mtq_h1_temp_min,Temperature of MSP,rc_adcs_mtq_h1,,0,16,uint,1,0,0,65535,cC,,
rc_adcs_mtq_h1_temp_max,Temperature of MSP,rc_adcs_mtq_h1,,16,16,uint,1,0,0,65535,cC,,
rc_adcs_mtq_h1_temp_avg,Temperature of MSP,rc_adcs_mtq_h1,,32,16,uint,1,0,0,65535,cC,,
rc_adcs_mtq_h1_sysrstiv,Reason for reset,rc_adcs_mtq_h1,,48,8,uint,1,0,0,65536,2^-15 seconds,,
rc_adcs_mtq_h1_reset_count,Reset Count,rc_adcs_mtq_h1,,56,8,uint,1,0,0,100,,,
rc_adcs_mtq_h2_canrxerror,the MTQ MCP's RX error buffer,rc_adcs_mtq_h2,,0,8,uint,1,0,0,255,,,
rc_adcs_mtq_2_bdot_x_avg,Average X BDOT command,rc_adcs_mtq_2,,0,8,uint,1,0,0,100,,,
rc_adcs_mtq_2_bdot_x_max,Max X BDOT command,rc_adcs_mtq_2,,8,8,uint,1,0,0,100,,,
rc_adcs_mtq_2_bdot_x_min,Min X BDOT command,rc_adcs_mtq_2,,16,8,uint,1,0,0,100,,,
rc_adcs_mtq_2_bdot_y_avg,Average Y BDOT command,rc_adcs_mtq_2,,24,8,uint,1,0,0,100,,,
rc_adcs_mtq_2_bdot_y_max,Max Y BDOT command,rc_adcs_mtq_2,,32,8,uint,1,0,0,100,,,
rc_adcs_mtq_2_bdot_y_min,Min Y BDOT command,rc_adcs_mtq_2,,40,8,uint,1,0,0,100,,,
rc_adcs_mtq_2_bdot_z_avg,Average Z BDOT command,rc_adcs_mtq_2,,48,8,uint,1,0,0,100,,,
rc_adcs_mtq_2_bdot_z_max,Max Z BDOT command,rc_adcs_mtq_2,,56,8,uint,1,0,0,100,,,
rc_adcs_mtq_3_bdot_z_min,MinZ BDOT command,rc_adcs_mtq_3,,0,8,uint,1,0,0,100,,,
rc_adcs_mtq_3_fsw_x_avg,Average X FSW command,rc_adcs_mtq_3,,8,8,uint,1,0,0,100,,,
rc_adcs_mtq_3_fsw_x_max,Max X FSW command,rc_adcs_mtq_3,,16,8,uint,1,0,0,100,,,
rc_adcs_mtq_3_fsw_x_min,Min X FSW command,rc_adcs_mtq_3,,24,8,uint,1,0,0,100,,,
rc_adcs_mtq_3_fsw_y_avg,Average Y FSW command,rc_adcs_mtq_3,,32,8,uint,1,0,0,100,,,
rc_adcs_mtq_3_fsw_y_max,Max Y FSW command,rc_adcs_mtq_3,,40,8,uint,1,0,0,100,,,
rc_adcs_mtq_3_fsw_y_min,Min Y FSW command,rc_adcs_mtq_3,,48,8,uint,1,0,0,100,,,
rc_adcs_mtq_3_fsw_z_avg,Average Z FSW command,rc_adcs_mtq_3,,56,8,uint,1,0,0,100,,,
rc_adcs_mtq_4_fsw_y_max,Max Z FSW command,rc_adcs_mtq_4,,0,8,uint,1,0,0,100,,,
rc_adcs_mtq_4_fsw_z_min,Min Z FSW command,rc_adcs_mtq_4,,8,8,uint,1,0,0,100,,,
rc_adcs_mtq_4_duty_x1_avg,Average X Duty ,rc_adcs_mtq_4,,16,8,uint,1,0,0,100,,,
rc_adcs_mtq_4_duty_x2_avg,Average X Duty ,rc_adcs_mtq_4,,24,8,uint,1,0,0,100,,,
rc_adcs_mtq_4_duty_y1_avg,Average Y Duty,rc_adcs_mtq_4,,32,8,uint,1,0,0,100,,,
rc_adcs_mtq_4_duty_y2_avg,Average Y Duty,rc_adcs_mtq_4,,40,8,uint,1,0,0,100,,,
rc_adcs_mtq_4_duty_z1_avg,Average Z Duty,rc_adcs_mtq_4,,48,8,uint,1,0,0,100,,,
rc_adcs_mtq_4_duty_z2_avg,Average Z Duty,rc_adcs_mtq_4,,56,8,uint,1,0,0,t,,,
rc_adcs_mtq_5_fsw_ignore,Flight Software Ignore,rc_adcs_mtq_5,,0,8,uint,1,0,0,255,,,
rc_adcs_mtq_5_reset_counts,Number of resets,rc_adcs_mtq_5,,8,8,uint,1,0,0,255,,,
rc_eps_gen_h1_temp_min,Temperature of MSP,rc_eps_gen_h1,,0,16,uint,1,0,0,65535,cC,,
rc_eps_gen_h1_temp_max,Temperature of MSP,rc_eps_gen_h1,,16,16,uint,1,0,0,65535,cC,,
rc_eps_gen_h1_temp_avg,Temperature of MSP,rc_eps_gen_h1,,32,16,uint,1,0,0,65535,cC,,
rc_eps_gen_h1_sysrstiv,Reason for reset,rc_eps_gen_h1,,48,8,uint,1,0,0,65536,2^-15 seconds,,
rc_eps_gen_h1_reset_count,Reset Count,rc_eps_gen_h1,,56,8,uint,1,0,0,255,,,
rc_eps_gen_h2_canrxerror,GEN MCP's RX error buffer,rc_eps_gen_h2,,0,8,uint,1,0,0,255,,,
rc_eps_gen_2_pnl_1_voltage_min,Panel 1 Voltage min,rc_eps_gen_2,,0,16,uint,1,0,0,20000,raw voltage,,
rc_eps_gen_2_pnl_1_voltage_max,Panel 1 Voltage max,rc_eps_gen_2,,16,16,uint,1,0,0,20000,raw voltage,,
rc_eps_gen_2_pnl_1_voltage_avg,Panel 1 Voltage avg,rc_eps_gen_2,,32,16,uint,1,0,0,20000,raw voltage,,
rc_eps_gen_2_pnl_2_voltage_min,Panel 2 Voltage min,rc_eps_gen_2,,48,16,uint,1,0,0,20000,raw voltage,,
rc_eps_gen_3_pnl_2_voltage_max,Panel 2 Voltage max,rc_eps_gen_3,,0,16,uint,1,0,0,20000,raw voltage,,
rc_eps_gen_3_pnl_2_voltage_avg,Panel 2 Voltage avg,rc_eps_gen_3,,16,16,uint,1,0,0,20000,raw voltage,,
rc_eps_gen_3_pnl_3_voltage_min,Panel 3 Voltage min,rc_eps_gen_3,,32,16,uint,1,0,0,20000,raw voltage,,
rc_eps_gen_3_pnl_3_voltage_max,Panel 3 Voltage max,rc_eps_gen_3,,48,16,uint,1,0,0,20000,raw voltage,,
rc_eps_gen_4_pnl_3_voltage_avg,Panel 3 Voltage avg,rc_eps_gen_4,,0,16,uint,1,0,0,20000,raw voltage,,
rc_eps_gen_4_pnl_1_current_min,Panel 1 Current min,rc_eps_gen_4,,16,16,uint,1,0,0,1000,raw node current gen,,
rc_eps_gen_4_pnl_1_current_max,Panel 1 Current max,rc_eps_gen_4,,32,16,uint,1,0,0,1000,raw node current gen,,
rc_eps_gen_4_pnl_1_current_avg,Panel 1 Current avg,rc_eps_gen_4,,48,16,uint,1,0,0,1000,raw node current gen,,
rc_eps_gen_5_pnl_2_current_min,Panel 2 Current min,rc_eps_gen_5,,0,16,uint,1,0,0,1000,raw node current gen,,
rc_eps_gen_5_pnl_2_current_max,Panel 2 Current max,rc_eps_gen_5,,16,16,uint,1,0,0,1000,raw node current gen,,
rc_eps_gen_5_pnl_2_current_avg,Panel 2 Current avg,rc_eps_gen_5,,32,16,uint,1,0,0,1000,raw node current gen,,
rc_eps_gen_5_pnl_3_current_min,Panel 3 Current min,rc_eps_gen_5,,48,16,uint,1,0,0,1000,raw node current gen,,
rc_eps_gen_6_pnl_3_current_max,Panel 3 Current max,rc_eps_gen_6,,0,16,uint,1,0,0,1000,raw node current gen,,
rc_eps_gen_6_pnl_3_current_avg,Panel 3 Current avg,rc_eps_gen_6,,16,16,uint,1,0,0,1000,raw node current gen,,
rc_eps_gen_6_pnl_1_power_min,Panel 1 Current min,rc_eps_gen_6,,32,16,uint,1,0,0,20000,raw power gen,,
rc_eps_gen_6_pnl_1_power_max,Panel 1 Current max,rc_eps_gen_6,,48,16,uint,1,0,0,20000,raw power gen,,
rc_eps_gen_7_pnl_1_power_avg,Panel 1 Current avg,rc_eps_gen_7,,0,16,uint,1,0,0,20000,raw power gen,,
rc_eps_gen_7_pnl_2_power_min,Panel 2 Current min,rc_eps_gen_7,,16,16,uint,1,0,0,20000,raw power gen,,
rc_eps_gen_7_pnl_2_power_max,Panel 2 Current max,rc_eps_gen_7,,32,16,uint,1,0,0,20000,raw power gen,,
rc_eps_gen_7_pnl_2_power_avg,Panel 2 Current avg,rc_eps_gen_7,,48,16,uint,1,0,0,20000,raw power gen,,
rc_eps_gen_8_pnl_3_power_min,Panel 3 Current min,rc_eps_gen_8,,0,16,uint,1,0,0,20000,raw power gen,,
rc_eps_gen_8_pnl_3_power_max,Panel 3 Current max,rc_eps_gen_8,,16,16,uint,1,0,0,20000,raw power gen,,
rc_eps_gen_8_pnl_3_power_avg,Panel 3 Current avg,rc_eps_gen_8,,32,16,uint,1,0,0,20000,raw power gen,,
rc_eps_gen_8_pnl_1_temp_min,Panel 1 Temp min,rc_eps_gen_8,,48,8,int,1,0,-128,127,C,,
rc_eps_gen_9_pnl_1_temp_max,Panel 1 Temp max,rc_eps_gen_9,,0,8,int,1,0,-128,127,C,,
rc_eps_gen_9_pnl_1_temp_avg,Panel 1 Temp avg,rc_eps_gen_9,,8,8,int,1,0,-128,127,C,,
rc_eps_gen_9_pnl_2_temp_min,Panel 2 Temp min,rc_eps_gen_9,,16,8,int,1,0,-128,127,C,,
rc_eps_gen_9_pnl_2_temp_max,Panel 2 Temp max,rc_eps_gen_9,,24,8,int,1,0,-128,127,C,,
rc_eps_gen_9_pnl_2_temp_avg,Panel 2 Temp avg,rc_eps_gen_9,,32,8,int,1,0,-128,127,C,,
rc_eps_gen_9_pnl_3_temp_min,Panel 3 Temp min,rc_eps_gen_9,,40,8,int,1,0,-128,127,C,,
rc_eps_gen_9_pnl_3_temp_max,Panel 3 Temp max,rc_eps_gen_9,,48,8,int,1,0,-128,127,C,,
rc_eps_gen_9_pnl_3_temp_avg,Panel 3 Temp avg,rc_eps_gen_9,,56,8,int,1,0,-128,127,C,,
estim_sun_unit_z_val,Unit vector of where the sun is at x,estim_sun_unit_z,,0,64,double,1,0,-1.7E+308,1.7E+308,,,
estim_sun_unit_y_val,Unit vector of where the sun is at y,estim_sun_unit_y,,0,64,double,1,0,-1.7E+308,1.7E+308,,,
estim_sun_unit_x_val,Unit vector of where the sun is at z,estim_sun_unit_x,,0,64,double,1,0,-1.7E+308,1.7E+308,,,
estim_mag_unit_z_val,Unit vector of direction of magnetic field x,estim_mag_unit_z,,0,64,double,1,0,-1.7E+308,1.7E+308,,,
estim_mag_unit_y_val,Unit vector of direction of magnetic field y,estim_mag_unit_y,,0,64,double,1,0,-1.7E+308,1.7E+308,,,
estim_mag_unit_x_val,Unit vector of direction of magnetic field z,estim_mag_unit_x,,0,64,double,1,0,-1.7E+308,1.7E+308,,,
estim_state_above_gs,Are we above the ground stn?,estim_state,,0,1,uint,1,0,0,1,,bool,
estim_state_in_sun,Are we in the sun?,estim_state,,1,1,uint,1,0,0,1,,bool,
grnd_epoch_val_overflow,Overflow of epoch (time between millenium and when we launched),grnd_epoch,,32,8,uint,1,0,0,1,,,
grnd_epoch_val,Value of epoch  (time between millenium and when we launched),grnd_epoch,,0,32,uint,1,0,0,1,,2^-8s,
rc_adcs_sp_h1_temp_min,Temperature of MSP,rc_adcs_sp_h1,,0,16,uint,1,0,0,65535,cC,,
rc_adcs_sp_h1_temp_max,Temperature of MSP,rc_adcs_sp_h1,,16,16,uint,1,0,0,65535,cC,,
rc_adcs_sp_h1_temp_avg,Temperature of MSP,rc_adcs_sp_h1,,32,16,uint,1,0,0,65535,cC,,
rc_adcs_sp_h1_sysrstiv,Reason for reset,rc_adcs_sp_h1,,48,8,uint,1,0,0,65536,2^-15 seconds,,
rc_adcs_sp_h1_reset_count,Reset Count,rc_adcs_sp_h1,,56,8,uint,1,0,0,100,,,
rc_adcs_sp_h2_canrxerror,SP MCP's RX error buffer,rc_adcs_sp_h2,,0,8,uint,1,0,0,255,,,
rc_adcs_sp_2_imup_x_min,Processed IMU X axis min,rc_adcs_sp_2,,0,16,int16_t,1,0,-32768,32767,0.004375º/s,,
rc_adcs_sp_2_imup_x_max,Processed IMU X axis max,rc_adcs_sp_2,,16,16,int16_t,1,0,-32768,32767,0.004375º/s,,
rc_adcs_sp_2_imup_x_avg,Processed IMU X axis avg,rc_adcs_sp_2,,32,16,int16_t,1,0,-32768,32767,0.004375º/s,,
rc_adcs_sp_2_imup_y_min,Processed IMU Y axis min,rc_adcs_sp_2,,48,16,int16_t,1,0,-32768,32767,0.004375º/s,,
rc_adcs_sp_3_imup_y_max,Processed IMU Y axis max,rc_adcs_sp_3,,0,16,int16_t,1,0,-32768,32767,0.004375º/s,,
rc_adcs_sp_3_imup_y_avg,Processed IMU Y axis avg,rc_adcs_sp_3,,16,16,int16_t,1,0,-32768,32767,0.004375º/s,,
rc_adcs_sp_3_imup_z_min,Processed IMU Z axis min,rc_adcs_sp_3,,32,16,int16_t,1,0,-32768,32767,0.004375º/s,,
rc_adcs_sp_3_imup_z_max,Processed IMU Z axis max,rc_adcs_sp_3,,48,16,int16_t,1,0,-32768,32767,0.004375º/s,,
rc_adcs_sp_4_imup_z_avg,Processed IMU Z axis avg,rc_adcs_sp_4,,0,16,int16_t,1,0,-32768,32767,0.004375º/s,,
rc_adcs_sp_4_sun_x_min, Sun Sensor X axis min,rc_adcs_sp_4,,16,16,int16_t,1,0,-32768,32767,1/32768 units,,
rc_adcs_sp_4_sun_x_max, Sun Sensor X axis max,rc_adcs_sp_4,,32,16,int16_t,1,0,-32768,32767,1/32768 units,,
rc_adcs_sp_4_sun_x_avg, Sun Sensor X axis avg,rc_adcs_sp_4,,48,16,int16_t,1,0,-32768,32767,1/32768 units,,
rc_adcs_sp_5_sun_y_min, Sun Sensor Y axis min,rc_adcs_sp_5,,0,16,int16_t,1,0,-32768,32767,1/32768 units,,
rc_adcs_sp_5_sun_y_max, Sun Sensor Y axis max,rc_adcs_sp_5,,16,16,int16_t,1,0,-32768,32767,1/32768 units,,
rc_adcs_sp_5_sun_y_avg, Sun Sensor Y axis avg,rc_adcs_sp_5,,32,16,int16_t,1,0,-32768,32767,1/32768 units,,
rc_adcs_sp_5_sun_z_min, Sun Sensor Z axis min,rc_adcs_sp_5,,48,16,int16_t,1,0,-32768,32767,1/32768 units,,
rc_adcs_sp_6_sun_z_max, Sun Sensor Z axis max,rc_adcs_sp_6,,0,16,int16_t,1,0,-32768,32767,1/32768 units,,
rc_adcs_sp_6_sun_z_avg, Sun Sensor Z axis avg,rc_adcs_sp_6,,16,16,int16_t,1,0,-32768,32767,1/32768 units,,
rc_adcs_sp_6_mag1_valid,Sum of last 255 processed mag valid bits,rc_adcs_sp_14,,32,8,uint8_t,1,0,0,255,,,
rc_adcs_sp_6_mag2_valid,Sum of last 255 processed mag valid bits,rc_adcs_sp_14,,40,8,uint8_t,1,0,0,255,,,
rc_adcs_sp_6_mag1_x_min,Magnetometer 1 X axis min,rc_adcs_sp_8,,48,16,int16_t,1,0,-32768,32767,1/73 nT,,
rc_adcs_sp_9_mag1_x_max,Magnetometer 1 X axis max,rc_adcs_sp_9,,0,16,int16_t,1,0,-32768,32767,1/73 nT,,
rc_adcs_sp_9_mag1_x_avg,Magnetometer 1 X axis avg,rc_adcs_sp_9,,16,16,int16_t,1,0,-32768,32767,1/73 nT,,
rc_adcs_sp_9_mag1_y_min,Magnetometer 1 Y axis min,rc_adcs_sp_9,,32,16,int16_t,1,0,-32768,32767,1/73 nT,,
rc_adcs_sp_9_mag1_y_max,Magnetometer 1 Y axis max,rc_adcs_sp_9,,48,16,int16_t,1,0,-32768,32767,1/73 nT,,
rc_adcs_sp_10_mag1_y_avg,Magnetometer 1 Y axis avg,rc_adcs_sp_10,,0,16,int16_t,1,0,-32768,32767,1/73 nT,,
rc_adcs_sp_10_mag1_z_min,Magnetometer 1 Z axis min,rc_adcs_sp_10,,16,16,int16_t,1,0,-32768,32767,1/73 nT,,
rc_adcs_sp_10_mag1_z_max,Magnetometer 1 Z axis max,rc_adcs_sp_10,,32,16,int16_t,1,0,-32768,32767,1/73 nT,,
rc_adcs_sp_10_mag1_z_avg,Magnetometer 1 Z axis avg,rc_adcs_sp_10,,48,16,int16_t,1,0,-32768,32767,1/73 nT,,
rc_adcs_sp_11_mag2_x_min,Magnetometer 2 X axis min,rc_adcs_sp_11,,0,16,int16_t,1,0,-32768,32767,1/73 nT,,
rc_adcs_sp_11_mag2_x_max,Magnetometer 2 X axis max,rc_adcs_sp_11,,16,16,int16_t,1,0,-32768,32767,1/73 nT,,
rc_adcs_sp_11_mag2_x_avg,Magnetometer 2 X axis avg,rc_adcs_sp_11,,32,16,int16_t,1,0,-32768,32767,1/73 nT,,
rc_adcs_sp_11_mag2_y_min,Magnetometer 2 Y axis min,rc_adcs_sp_11,,48,16,int16_t,1,0,-32768,32767,1/73 nT,,
rc_adcs_sp_12_mag2_y_max,Magnetometer 2 Y axis max,rc_adcs_sp_12,,0,16,int16_t,1,0,-32768,32767,1/73 nT,,
rc_adcs_sp_12_mag2_y_avg,Magnetometer 2 Y axis avg,rc_adcs_sp_12,,16,16,int16_t,1,0,-32768,32767,1/73 nT,,
rc_adcs_sp_12_mag2_z_min,Magnetometer 2 Z axis min,rc_adcs_sp_12,,32,16,int16_t,1,0,-32768,32767,1/73 nT,,
rc_adcs_sp_12_mag2_z_max,Magnetometer 2 Z axis max,rc_adcs_sp_12,,48,16,int16_t,1,0,-32768,32767,1/73 nT,,
rc_adcs_sp_13_mag2_z_avg,Magnetometer 2 Z axis avg,rc_adcs_sp_13,,0,16,int16_t,1,0,-32768,32767,1/73 nT,,
rc_adcs_sp_13_suna_min,Minimum alpha value from the sun sensor,rc_adcs_sp_13,,16,16,int16_t,1,0,-32768,32767,60/32767º,,
rc_adcs_sp_13_suna_max,Maximum alpha value from the sun sensor,rc_adcs_sp_13,,32,16,int16_t,1,0,-32768,32767,60/32767º,,
rc_adcs_sp_13_suna_avg,Average alpha value from the sun sensor,rc_adcs_sp_13,,48,16,int16_t,1,0,-32768,32767,60/32767º,,
rc_adcs_sp_14_sunb_min,Minimum beta value from the sun sensor,rc_adcs_sp_14,,0,16,int16_t,1,0,-32768,32767,60/32767º,,
rc_adcs_sp_14_sunb_max,Maximum beta value from the sun sensor,rc_adcs_sp_14,,16,16,int16_t,1,0,-32768,32767,60/32767º,,
rc_adcs_sp_14_sunb_avg,Average beta value from the sun sensor,rc_adcs_sp_14,,32,16,int16_t,1,0,-32768,32767,60/32767º,,
rc_adcs_sp_14_sun_valid,Sum of last 255 processed sun sensor valid bits,rc_adcs_sp_14,,48,8,uint8_t,1,0,0,255,,,
rc_adcs_sp_15_imu_valid,Sum of last 255 processed imu valid bits,rc_adcs_sp_15,,0,8,uint8_t,1,0,0,255,,,
rc_adcs_sp_15_imu_x_min,IMU X axis min,rc_adcs_sp_15,,8,16,int16_t,1,0,-32768,32767,0.004375 º/s,,
rc_adcs_sp_15_imu_x_max,IMU X axis max,rc_adcs_sp_15,,24,16,int16_t,1,0,-32768,32767,0.004375 º/s,,
rc_adcs_sp_15_imu_x_avg,IMU X axis avg,rc_adcs_sp_15,,40,16,int16_t,1,0,-32768,32767,0.004375 º/s,,
rc_adcs_sp_16_imu_y_min,IMU Y axis min,rc_adcs_sp_16,,0,16,int16_t,1,0,-32768,32767,0.004375 º/s,,
rc_adcs_sp_16_imu_y_max,IMU Y axis max,rc_adcs_sp_16,,16,16,int16_t,1,0,-32768,32767,0.004375 º/s,,
rc_adcs_sp_16_imu_y_avg,IMU Y axis avg,rc_adcs_sp_16,,32,16,int16_t,1,0,-32768,32767,0.004375 º/s,,
rc_adcs_sp_16_imu_z_min,IMU Z axis min,rc_adcs_sp_16,,48,16,int16_t,1,0,-32768,32767,0.004375 º/s,,
rc_adcs_sp_17_imu_z_max,IMU Z axis max,rc_adcs_sp_17,,0,16,int16_t,1,0,-32768,32767,0.004375 º/s,,
rc_adcs_sp_17_imu_z_avg,IMU Z axis avg,rc_adcs_sp_17,,16,16,int16_t,1,0,-32768,32767,0.004375 º/s,,
rc_eps_dist_h1_temp_min,Temperature of MSP,rc_eps_dist_h1,,0,16,uint16_t,1,0,0,65535,cC,,
rc_eps_dist_h1_temp_max,Temperature of MSP,rc_eps_dist_h1,,16,16,uint16_t,1,0,0,65535,cC,,
rc_eps_dist_h1_temp_avg,Temperature of MSP,rc_eps_dist_h1,,32,16,uint16_t,1,0,0,65535,cC,,
rc_eps_dist_h1_sysrstiv,Reason for reset,rc_eps_dist_h1,,48,8,uint8_t,1,0,0,16,,,
rc_eps_dist_h1_reset_count,Reset Count,rc_eps_dist_h1,,56,8,uint8_t,1,0,0,255,,,
rc_eps_dist_h2_canrxerror,the Dist MCP's RX error buffer,rc_eps_dist_h2,,0,8,uint,1,0,0,255,,,
rc_eps_dist_2_uv_state,Undervoltage State,rc_eps_dist_2,,0,8,uint8_t,1,0,0,3,,uv_state,
rc_eps_dist_2_met,Mission elapsed time first 4 bytes,rc_eps_dist_2,,8,32,uint32_t,1,0,0,255,,,
rc_eps_dist_2_met_overflow,Mission elapsed time last byte,rc_eps_dist_2,,40,8,uint8_t,1,0,0,4294967295,,,
rc_eps_dist_3_batt_v_min,Battery voltage minimum,rc_eps_dist_3,,0,16,uint16_t,1,0,0,65535,raw dist battery voltage,,
rc_eps_dist_3_batt_v_max,Battery voltage maximum,rc_eps_dist_3,,16,16,uint16_t,1,0,0,65535,raw dist battery voltage,,
rc_eps_dist_3_batt_v_avg,Battery voltage average,rc_eps_dist_3,,32,16,uint16_t,1,0,0,65535,raw dist battery voltage,,
rc_eps_dist_4_com1_state,COM1 domain state,rc_eps_dist_4,,0,8,uint8_t,1,0,0,3,,domain_state,
rc_eps_dist_4_com1_c_min,COM1 domain current minimum,rc_eps_dist_4,,8,16,uint16_t,1,0,0,65535,raw node current,,
rc_eps_dist_4_com1_c_max,COM1 domain current maximum,rc_eps_dist_4,,24,16,uint16_t,1,0,0,65535,raw node current,,
rc_eps_dist_4_com1_c_avg,COM1 domain current average,rc_eps_dist_4,,40,16,uint16_t,1,0,0,65535,raw node current,,
rc_eps_dist_5_com1_v_min,COM1 domain voltage minimum,rc_eps_dist_5,,0,16,uint16_t,1,0,0,65535,raw node voltage,,
rc_eps_dist_5_com1_v_max,COM1 domain voltage maximum,rc_eps_dist_5,,16,16,uint16_t,1,0,0,65535,raw node voltage,,
rc_eps_dist_5_com1_v_avg,COM1 domain voltage average,rc_eps_dist_5,,32,16,uint16_t,1,0,0,65535,raw node voltage,,
rc_eps_dist_6_com2_state,COM2 domain state,rc_eps_dist_6,,0,8,uint8_t,1,0,0,3,,domain_state,
rc_eps_dist_6_com2_c_min,COM2 domain current minimum,rc_eps_dist_6,,8,16,uint16_t,1,0,0,65535,raw node current,,
rc_eps_dist_6_com2_c_max,COM2 domain current maximum,rc_eps_dist_6,,24,16,uint16_t,1,0,0,65535,raw node current,,
rc_eps_dist_6_com2_c_avg,COM2 domain current average,rc_eps_dist_6,,40,16,uint16_t,1,0,0,65535,raw node current,,
rc_eps_dist_7_com2_v_min,COM2 domain voltage minimum,rc_eps_dist_7,,0,16,uint16_t,1,0,0,65535,raw node voltage,,
rc_eps_dist_7_com2_v_max,COM2 domain voltage maximum,rc_eps_dist_7,,16,16,uint16_t,1,0,0,65535,raw node voltage,,
rc_eps_dist_7_com2_v_avg,COM2 domain voltage average,rc_eps_dist_7,,32,16,uint16_t,1,0,0,65535,raw node voltage,,
rc_eps_dist_8_rahs_state,RAHS domain state,rc_eps_dist_8,,0,8,uint8_t,1,0,0,3,,domain_state,
rc_eps_dist_8_rahs_c_min,RAHS domain current minimum,rc_eps_dist_8,,8,16,uint16_t,1,0,0,65535,raw node current,,
rc_eps_dist_8_rahs_c_max,RAHS domain current maximum,rc_eps_dist_8,,24,16,uint16_t,1,0,0,65535,raw node current,,
rc_eps_dist_8_rahs_c_avg,RAHS domain current average,rc_eps_dist_8,,40,16,uint16_t,1,0,0,65535,raw node current,,
rc_eps_dist_9_rahs_v_min,RAHS domain voltage minimum,rc_eps_dist_9,,0,16,uint16_t,1,0,0,65535,raw node voltage,,
rc_eps_dist_9_rahs_v_max,RAHS domain voltage maximum,rc_eps_dist_9,,16,16,uint16_t,1,0,0,65535,raw node voltage,,
rc_eps_dist_9_rahs_v_avg,RAHS domain voltage average,rc_eps_dist_9,,32,16,uint16_t,1,0,0,65535,raw node voltage,,
rc_eps_dist_10_bdot_state,BDOT domain state,rc_eps_dist_10,,0,8,uint8_t,1,0,0,3,,domain_state,
rc_eps_dist_10_bdot_c_min,BDOT domain current minimum,rc_eps_dist_10,,8,16,uint16_t,1,0,0,65535,raw node current,,
rc_eps_dist_10_bdot_c_max,BDOT domain current maximum,rc_eps_dist_10,,24,16,uint16_t,1,0,0,65535,raw node current,,
rc_eps_dist_10_bdot_c_avg,BDOT domain current average,rc_eps_dist_10,,40,16,uint16_t,1,0,0,65535,raw node current,,
rc_eps_dist_11_bdot_v_min,BDOT domain voltage minimum,rc_eps_dist_11,,0,16,uint16_t,1,0,0,65535,raw node voltage,,
rc_eps_dist_11_bdot_v_max,BDOT domain voltage maximum,rc_eps_dist_11,,16,16,uint16_t,1,0,0,65535,raw node voltage,,
rc_eps_dist_11_bdot_v_avg,BDOT domain voltage average,rc_eps_dist_11,,32,16,uint16_t,1,0,0,65535,raw node voltage,,
rc_eps_dist_12_estim_state,ESTIM domain state,rc_eps_dist_12,,0,8,uint8_t,1,0,0,3,,domain_state,
rc_eps_dist_12_estim_c_min,ESTIM domain current minimum,rc_eps_dist_12,,8,16,uint16_t,1,0,0,65535,raw node current,,
rc_eps_dist_12_estim_c_max,ESTIM domain current maximum,rc_eps_dist_12,,24,16,uint16_t,1,0,0,65535,raw node current,,
rc_eps_dist_12_estim_c_avg,ESTIM domain current average,rc_eps_dist_12,,40,16,uint16_t,1,0,0,65535,raw node current,,
rc_eps_dist_13_estim_v_min,ESTIM domain voltage minimum,rc_eps_dist_13,,0,16,uint16_t,1,0,0,65535,raw node voltage,,
rc_eps_dist_13_estim_v_max,ESTIM domain voltage maximum,rc_eps_dist_13,,16,16,uint16_t,1,0,0,65535,raw node voltage,,
rc_eps_dist_13_estim_v_avg,ESTIM domain voltage average,rc_eps_dist_13,,32,16,uint16_t,1,0,0,65535,raw node voltage,,
rc_eps_dist_14_eps_state,EPS domain state,rc_eps_dist_14,,0,8,uint8_t,1,0,0,3,,domain_state,
rc_eps_dist_14_eps_c_min,EPS domain current minimum,rc_eps_dist_14,,8,16,uint16_t,1,0,0,65535,raw node current,,
rc_eps_dist_14_eps_c_max,EPS domain current maximum,rc_eps_dist_14,,24,16,uint16_t,1,0,0,65535,raw node current,,
rc_eps_dist_14_eps_c_avg,EPS domain current average,rc_eps_dist_14,,40,16,uint16_t,1,0,0,65535,raw node current,,
rc_eps_dist_15_eps_v_min,EPS domain voltage minimum,rc_eps_dist_15,,0,16,uint16_t,1,0,0,65535,raw node voltage,,
rc_eps_dist_15_eps_v_max,EPS domain voltage maximum,rc_eps_dist_15,,16,16,uint16_t,1,0,0,65535,raw node voltage,,
rc_eps_dist_15_eps_v_avg,EPS domain voltage average,rc_eps_dist_15,,32,16,uint16_t,1,0,0,65535,raw node voltage,,
rc_eps_dist_16_ppt_state,PPT domain state,rc_eps_dist_16,,0,8,uint8_t,1,0,0,3,,domain_state,
rc_eps_dist_16_ppt_c_min,PPT domain current minimum,rc_eps_dist_16,,8,16,uint16_t,1,0,0,65535,raw node current,,
rc_eps_dist_16_ppt_c_max,PPT domain current maximum,rc_eps_dist_16,,24,16,uint16_t,1,0,0,65535,raw node current,,
rc_eps_dist_16_ppt_c_avg,PPT domain current average,rc_eps_dist_16,,40,16,uint16_t,1,0,0,65535,raw node current,,
rc_eps_dist_17_ppt_v_min,PPT domain voltage minimum,rc_eps_dist_17,,0,16,uint16_t,1,0,0,65535,raw node voltage,,
rc_eps_dist_17_ppt_v_max,PPT domain voltage maximum,rc_eps_dist_17,,16,16,uint16_t,1,0,0,65535,raw node voltage,,
rc_eps_dist_17_ppt_v_avg,PPT domain voltage average,rc_eps_dist_17,,32,16,uint16_t,1,0,0,65535,raw node voltage,,
rc_adcs_estim_h1_temp_min,Temperature of MSP,rc_adcs_estim_h1,,0,16,uint16_t,1,0,0,65535,cC,,
rc_adcs_estim_h1_temp_max,Temperature of MSP,rc_adcs_estim_h1,,16,16,uint16_t,1,0,0,65535,cC,,
rc_adcs_estim_h1_temp_avg,Temperature of MSP,rc_adcs_estim_h1,,32,16,uint16_t,1,0,0,65535,cC,,
rc_adcs_estim_h1_sysrstiv,Reason for reset,rc_adcs_estim_h1,,48,8,uint8_t,1,0,0,16,,,
rc_adcs_estim_h1_reset_count,Reset Count,rc_adcs_estim_h1,,56,8,uint8_t,1,0,0,255,,,
rc_adcs_estim_h2_canrxerror,Estim MCP's RX error buffer,rc_adcs_estim_h2,,0,8,uint,1,0,0,255,,,
rc_adcs_estim_2_pos_x,Inertial position that the ADCS system thinks the satellite is at,rc_adcs_estim_2,,0,64,double,1,0,-7000000,7000000,m,,
rc_adcs_estim_3_pos_y,Inertial position that the ADCS system thinks the satellite is at,rc_adcs_estim_3,,0,64,double,1,0,-7000000,7000000,m,,
rc_adcs_estim_4_pos_z,Inertial position that the ADCS system thinks the satellite is at,rc_adcs_estim_4,,0,64,double,1,0,-7000000,7000000,m,,
rc_adcs_estim_5_vel_x,The inertial velocity the satellite thinks we have,rc_adcs_estim_5,,0,64,double,1,0,-10000,10000,m/s,,
rc_adcs_estim_6_vel_y,The inertial velocity the satellite thinks we have,rc_adcs_estim_6,,0,64,double,1,0,-10000,10000,m/s,,
rc_adcs_estim_7_vel_z,The inertial velocity the satellite thinks we have,rc_adcs_estim_7,,0,64,double,1,0,-10000,10000,m/s,,
rc_adcs_estim_8_epoch,Epoch used in position and velocity calculation,rc_adcs_estim_8,,0,32,uint32_t,1,0,0,4294967296,s^-8 since J2000 ,,
rc_adcs_estim_8_epoch_overflow,Epoch used in position and velocity calculation,rc_adcs_estim_8,,32,8,uint8_t,1,0,0,255,s^-8 since J2000 ,,
rc_adcs_estim_8_sgp4_flag,Flag telling what mode ESTIM is propagating the orbit in,rc_adcs_estim_8,,40,8,int8,1,0,-1,1,,,
rc_adcs_estim_8_sc_in_sun,Boolean indicating whether the s/c thinks it is in the sun or not.,rc_adcs_estim_8,,48,1,bool,1,0,0,1,,,
rc_adcs_estim_8_sc_above_gs,Boolean indicating whether the s/c thinks it is above the UW ground station or not.,rc_adcs_estim_8,,49,1,bool,1,0,0,1,,,
rc_adcs_estim_8_tle_id,TLE ID valid bit,rc_adcs_estim_8,,50,1,bool,1,0,0,1,,,
rc_adcs_mpc_h1_temp_min,Temperature of MSP,rc_adcs_mpc_h1,,0,16,uint16_t,1,0,0,65535,cC,,
rc_adcs_mpc_h1_temp_max,Temperature of MSP,rc_adcs_mpc_h1,,16,16,uint16_t,1,0,0,65535,cC,,
rc_adcs_mpc_h1_temp_avg,Temperature of MSP,rc_adcs_mpc_h1,,32,16,uint16_t,1,0,0,65535,cC,,
rc_adcs_mpc_h1_sysrstiv,Reason for reset,rc_adcs_mpc_h1,,48,8,uint8_t,1,0,0,16,,,
rc_adcs_mpc_h1_reset_count,Reset Count,rc_adcs_mpc_h1,,56,8,uint8_t,1,0,0,255,,,
rc_adcs_mpc_h2_canrxerror,the MPC MCP's RX error buffer,rc_adcs_mpc_h2,,0,8,uint,1,0,0,255,,,
rc_adcs_mpc_2_sc_quat_1,The first element of the attitude quaternion of the spacecraft,rc_adcs_mpc_2,,0,64,double,1,0,-1,1,,,
rc_adcs_mpc_3_sc_quat_2,The second element of the attitude quaternion of the spacecraft,rc_adcs_mpc_3,,0,64,double,1,0,-1,1,,,
rc_adcs_mpc_4_sc_quat_3,The third element of the attitude quaternion of the spacecraft,rc_adcs_mpc_4,,0,64,double,1,0,-1,1,,,
rc_adcs_mpc_5_sc_quat_4,The fourth element of the attitude quaternion of the spacecraft,rc_adcs_mpc_5,,0,64,double,1,0,-1,1,,,
rc_adcs_mpc_6_omega_x_min,The body angular velocity in the x direction,rc_adcs_mpc_6,,0,64,double,1,0,-10,10,r/s,,
rc_adcs_mpc_7_omega_x_max,The body angular velocity in the x direction,rc_adcs_mpc_7,,0,64,double,1,0,-10,10,r/s,,
rc_adcs_mpc_8_omega_x_avg,The body angular velocity in the x direction,rc_adcs_mpc_8,,0,64,double,1,0,-10,10,r/s,,
rc_adcs_mpc_9_omega_y_min,The body angular velocity in the y direction,rc_adcs_mpc_9,,0,64,double,1,0,-10,10,r/s,,
rc_adcs_mpc_10_omega_y_max,The body angular velocity in the y direction,rc_adcs_mpc_10,,0,64,double,1,0,-10,10,r/s,,
rc_adcs_mpc_11_omega_y_avg,The body angular velocity in the y direction,rc_adcs_mpc_11,,0,64,double,1,0,-10,10,r/s,,
rc_adcs_mpc_12_omega_z_min,The body angular velocity in the z direction,rc_adcs_mpc_12,,0,64,double,1,0,-10,10,r/s,,
rc_adcs_mpc_13_omega_z_max,The body angular velocity in the z direction,rc_adcs_mpc_13,,0,64,double,1,0,-10,10,r/s,,
rc_adcs_mpc_14_omega_z_avg,The body angular velocity in the z direction,rc_adcs_mpc_14,,0,64,double,1,0,-10,10,r/s,,
rc_adcs_mpc_15_sc_mode,The current operating mode of the ADCS system,rc_adcs_mpc_15,,0,8,uint8_t,1,0,0,32,,,
rc_adcs_mpc_15_point_true,Proportion of samples where attitude is within 20 degrees of commanded vector,rc_adcs_mpc_15,,8,8,uint8_t,1,0,0,255,,,
rc_adcs_estim_9_sun_x,x component of unit vector from spacecraft to sun,rc_adcs_estim_9,,0,64,double,1,0,-1,1,u,,
rc_adcs_estim_10_sun_y,y component of unit vector from spacecraft to sun,rc_adcs_estim_10,,0,64,double,1,0,-1,1,u,,
rc_adcs_estim_11_sun_z,z component of unit vector from spacecraft to sun,rc_adcs_estim_11,,0,64,double,1,0,-1,1,u,,
rc_adcs_estim_12_mag_x,x component of unit vector of the direction of the magnetic field ,rc_adcs_estim_12,,0,64,double,1,0,-1,1,u,,
rc_adcs_estim_13_mag_y,y component of unit vector of the direction of the magnetic field ,rc_adcs_estim_13,,0,64,double,1,0,-1,1,u,,
rc_adcs_estim_14_mag_z,z component of unit vector of the direction of the magnetic field ,rc_adcs_estim_14,,0,64,double,1,0,-1,1,u,,
rc_eps_batt_7_acc_charge_min,Acumulated charge minimum,rc_eps_batt_7,,0,16,uint16_t,1,0,0,65535,22.588 mAh,,
rc_eps_batt_7_acc_charge_max,Accumulated charge maximum,rc_eps_batt_7,,16,32,uint16_t,1,0,0,65535,22.588 mAh,,
rc_eps_batt_7_acc_charge_avg,Accumulated charge avg,rc_eps_batt_7,,32,48,uint16_t,1,0,0,65535,22.588 mAh,,
gcmd_bdot_pole_override_x,Flips the dipole signs on bdot x axis before sending command to mtq,gcmd_bdot_pole_override,,0,2,uint,1,0,0,2,,nbool,
gcmd_bdot_pole_override_y,Flips the dipole signs on bdot y axis before sending command to mtq,gcmd_bdot_pole_override,,2,2,uint,1,0,0,2,,nbool,
gcmd_bdot_pole_override_z,Flips the dipole signs on bdot z axis before sending command to mtq,gcmd_bdot_pole_override,,4,2,uint,1,0,0,2,,nbool,
gcmd_bdot_mag_control_mode,"Choose the best fit magnetometer from ground. 0 = Auto, 1 = BDOT, 2 = SP1, 3 = SP2",gcmd_bdot_mag_control,,0,2,boolean,1,0,0,3,,bdot_mag_mode,
gcmd_mtq_pop_x,flips the polarity on mtq x axis ,gcmd_mtq_pop,,0,2,boolean,1,0,0,2,,nbool,
gcmd_mtq_pop_y,flips the polarity on mtq y axis,gcmd_mtq_pop,,2,2,boolean,1,0,0,2,,nbool,
gcmd_mtq_pop_z,flips the polarity on mtq z axis,gcmd_mtq_pop,,4,2,boolean,1,0,0,2,,nbool,
gcmd_sp_set_thresh_thresh,Any magnetometer reading outside of +/- the set threshold will be discarded as invalid,gcmd_sp_set_thresh,,0,16,uint16_t,1,0,0,65535,1/73 nanoTeslas,,
gcmd_dist_set_pd_state_com1,Enables or disables the power switch to com1 power domain,gcmd_dist_set_pd_state,,0,2,uint,1,0,0,2,,nbool,
gcmd_dist_set_pd_state_com2,Enables or disables the power switch to com2 power domain,gcmd_dist_set_pd_state,,2,2,boolean,1,0,0,2,,nbool,
gcmd_dist_set_pd_state_rahs,Enables or disables the power switch to rahs power domain,gcmd_dist_set_pd_state,,4,2,boolean,1,0,0,2,,nbool,
gcmd_dist_set_pd_state_bdot,Enables or disables the power switch to BDOT power domain,gcmd_dist_set_pd_state,,6,2,boolean,1,0,0,2,,nbool,
gcmd_dist_set_pd_state_estim,Enables or disables the power switch to the estimator power domain,gcmd_dist_set_pd_state,,8,2,boolean,1,0,0,2,,nbool,
gcmd_dist_set_pd_state_wheels,Enables or disables the power switch to the reaction wheels (empty power domain),gcmd_dist_set_pd_state,,10,2,boolean,1,0,0,2,,nbool,
gcmd_dist_set_pd_state_eps,Enables or disables the power switch to the EPS power domain,gcmd_dist_set_pd_state,,12,2,boolean,1,0,0,2,,nbool,
gcmd_dist_set_pd_state_ppt,Enables or disables the power switch to the PPT power domain,gcmd_dist_set_pd_state,,14,2,boolean,1,0,0,2,,nbool,
gcmd_dist_set_pd_ovc_com1_ovc,Set PD Overcurrent Com1,gcmd_dist_set_pd_ovc_com1,,0,32,float,1,0,0,15,Amps,,
gcmd_dist_set_pd_ovc_com2_ovc,set PD Overcurrent Com2,gcmd_dist_set_pd_ovc_com2,,0,32,float,1,0,0,15,Amps,,
gcmd_dist_set_pd_ovc_rahs_ovc,Set PD overcurrent RAHS,gcmd_dist_set_pd_ovc_rahs,,0,32,float,1,0,0,15,Amps,,
gcmd_dist_set_pd_ovc_bdot_ovc,Set PD overcurrent BDOT,gcmd_dist_set_pd_ovc_bdot,,0,32,float,1,0,0,15,Amps,,
gcmd_dist_set_pd_ovc_estim_ovc,Set PD overcurrent ESTIM,gcmd_dist_set_pd_ovc_estim,,0,32,float,1,0,0,15,Amps,,
gcmd_dist_set_pd_ovc_wheels_ovc,Set PD Overcurrent Weels,gcmd_dist_set_pd_ovc_wheels,,0,32,float,1,0,0,15,Amps,,
gcmd_dist_set_pd_ovc_eps_ovc,Set PD Overcurrent EPS,gcmd_dist_set_pd_ovc_eps,,0,32,float,1,0,0,15,Amps,,
gcmd_dist_set_pd_ovc_ppt_ovc,Set PD overcurrent PPT,gcmd_dist_set_pd_ovc_ppt,,0,32,float,1,0,0,15,Amps,,
gcmd_gen_set_pt_state_1,enables or disables Power Tracker #1,gcmd_gen_set_pt_state,,0,2,uint,1,0,0,2,,nbool,
gcmd_gen_set_pt_state_2,enables or disables Power Tracker #2,gcmd_gen_set_pt_state,,2,2,uint,1,0,0,2,,nbool,
gcmd_gen_set_pt_state_3,enables or disables Power Tracker #3,gcmd_gen_set_pt_state,,4,2,uint,1,0,0,2,,nbool,
gcmd_bdot_control_mode,"Chooses mode that bdot is in: 0 = NORMAL_MODE , 1 = SLEEP_MODE",gcmd_bdot_control,,0,1,uint,1,0,0,1,,bdot_control_mode,
gcmd_bdot_spam_time_on,Chooses the amount of minutes in between SPAM,gcmd_bdot_spam,,0,16,uint,1,0,0,255,minutes,,
gcmd_bdot_spam_time_off,Chooses the amount of time SPAM should be on for,gcmd_bdot_spam,,16,16,uint,1,0,0,65535,minutes,,
gcmd_bdot_spam_magnitude_x,What magnitude the magnetorquer should spam on x axis,gcmd_bdot_spam,,32,8,int,1,0,-100,100,,,
gcmd_bdot_spam_magnitude_y,What magnitude the magnetorquer should spam on y axis,gcmd_bdot_spam,,40,8,int,1,0,-100,100,,,
gcmd_bdot_spam_magnitude_z,What magnitude the magnetorquer should spam on z axis,gcmd_bdot_spam,,48,8,int,1,0,-100,100,,,
gcmd_bdot_spam_control,Turn spam on or off,gcmd_bdot_spam,,56,2,uint,1,0,0,1,,nbool,
gcmd_bdot_max_tumble_time,"Chooses the maximum time bdot is tumbling continuously. If bdot tumbles for longer than this time, will automatically go into sleep mode. Units: Minutes",gcmd_bdot_max_tumble,,0,16,uint,1,0,10,65535,minutes,,
gcmd_mtq_pms_x,Sets permamenent dipole strength,gcmd_mtq_pms,,0,8,uint,1,0,-100,100,,,
gcmd_mtq_pms_y,Sets permamenent dipole strength,gcmd_mtq_pms,,8,8,uint,1,0,-100,100,,,
gcmd_mtq_pms_z,Sets permamenent dipole strength,gcmd_mtq_pms,,16,8,uint,1,0,-100,100,,,
gcmd_mtq_pms_enable,turns on permanent magnet setting,gcmd_mtq_pms,,24,2,nbool,1,0,0,2,,nbool,
gcmd_eps_batt_fulldef_const_volt,Limits for detecting a full state on the battery (voltage must be greater than this value),gcmd_eps_batt_fulldef,,0,32,float,1,0,0,8,Volts,,
gcmd_eps_batt_fulldef_chg_curr,Limits for detecting a full state on the battery (current must be less than this value),gcmd_eps_batt_fulldef,,32,32,float,1,0,0,1,Amps,,